School,Number of Regional Entries,Number of National Qualifiers,Number of Outperformers,Distinct Events,Percent Qualifying,Percent Outperforming,Percent Events Represented,Number of Regional Entries (Scaled),Overall Score
Alabama,6,4,2,3,0.6666666666666666,0.3333333333333333,1.0,0.4166666666666667,0.6041666666666666
Wake Forest,5,3,4,3,0.6,0.8,1.0,0.3333333333333333,0.6833333333333333
IA State,7,4,3,3,0.5714285714285714,0.42857142857142855,1.0,0.49999999999999994,0.625
BYU,8,4,3,3,0.5,0.375,1.0,0.5833333333333333,0.6145833333333333
OK State,6,3,3,2,0.5,0.5,0.6666666666666666,0.4166666666666667,0.5208333333333334
