School,Number of Regional Entries,Number of National Qualifiers,Number of Outperformers,Distinct Events,Percent Qualifying,Percent Outperforming,Percent Events Represented,Number of Regional Entries (Scaled),Overall Score
New Mexico,13,5,6,3,0.38461538461538464,0.46153846153846156,1.0,0.9999999999999999,0.7115384615384616
No. Arizona,11,4,6,3,0.36363636363636365,0.5454545454545454,1.0,0.8333333333333333,0.6856060606060606
Wake Forest,5,3,4,3,0.6,0.8,1.0,0.3333333333333333,0.6833333333333333
Tulane,5,2,4,3,0.4,0.8,1.0,0.3333333333333333,0.6333333333333333
Wyoming,3,2,3,2,0.6666666666666666,1.0,0.6666666666666666,0.16666666666666669,0.625
