School,Number of Regional Entries,Number of National Qualifiers,Number of Outperformers,Distinct Events,Percent Qualifying,Percent Outperforming,Percent Events Represented,Number of Regional Entries (Scaled),Overall Score
Syracuse,5,1,5,2,0.2,1.0,0.3333333333333333,0.3333333333333333,0.4666666666666666
CBU,5,1,4,3,0.2,0.8,0.5,0.3333333333333333,0.45833333333333337
Wake Forest,5,3,4,3,0.6,0.8,0.5,0.3333333333333333,0.5583333333333333
Tulane,5,2,4,3,0.4,0.8,0.5,0.3333333333333333,0.5083333333333333
Wisconsin,6,0,4,2,0.0,0.6666666666666666,0.3333333333333333,0.4166666666666667,0.35416666666666663
