School,Number of Regional Entries,Number of National Qualifiers,Number of Outperformers,Distinct Events,Percent Qualifying,Percent Outperforming,Percent Events Represented,Number of Regional Entries (Scaled),Overall Score
Syracuse,5,1,5,2,0.2,1.0,0.6666666666666666,0.3333333333333333,0.5499999999999999
CBU,5,1,4,3,0.2,0.8,1.0,0.3333333333333333,0.5833333333333334
Wake Forest,5,3,4,3,0.6,0.8,1.0,0.3333333333333333,0.6833333333333333
Tulane,5,2,4,3,0.4,0.8,1.0,0.3333333333333333,0.6333333333333333
Wisconsin,6,0,4,2,0.0,0.6666666666666666,0.6666666666666666,0.4166666666666667,0.4375
