School,Number of Regional Entries,Number of National Qualifiers,Number of Outperformers,Distinct Events,Percent Qualifying,Percent Outperforming,Percent Events Represented,Number of Regional Entries (Scaled),Overall Score
Notre Dame,9,2,3,3,0.2222222222222222,0.3333333333333333,1.0,0.6666666666666666,0.5555555555555556
Washington,8,0,4,3,0.0,0.5,1.0,0.5833333333333333,0.5208333333333333
Harvard,8,2,5,3,0.25,0.625,1.0,0.5833333333333333,0.6145833333333333
Gonzaga,5,0,1,3,0.0,0.2,1.0,0.3333333333333333,0.3833333333333333
Tulane,5,2,4,3,0.4,0.8,1.0,0.3333333333333333,0.6333333333333333
