School,Number of Regional Entries,Number of National Qualifiers,Number of Outperformers,Distinct Events,Percent Qualifying,Percent Outperforming,Percent Events Represented,Number of Regional Entries (Scaled),Overall Score
New Mexico,13,5,6,3,0.38461538461538464,0.46153846153846156,0.5,0.9999999999999999,0.5865384615384616
No. Arizona,11,4,6,3,0.36363636363636365,0.5454545454545454,0.5,0.8333333333333333,0.5606060606060606
Notre Dame,9,2,3,3,0.2222222222222222,0.3333333333333333,0.5,0.6666666666666666,0.4305555555555555
Oregon,8,1,5,3,0.125,0.625,0.5,0.5833333333333333,0.4583333333333333
Stanford,8,1,2,2,0.125,0.25,0.3333333333333333,0.5833333333333333,0.32291666666666663
