School,Number of Regional Entries,Number of National Qualifiers,Number of Outperformers,Distinct Events,Percent Qualifying,Percent Outperforming,Percent Events Represented,Number of Regional Entries (Scaled),Overall Score
New Mexico,22,9,8,6,0.4090909090909091,0.36363636363636365,1.0,0.9999999999999998,0.6931818181818181
No. Arizona,20,7,13,6,0.35,0.65,1.0,0.9047619047619047,0.7261904761904762
Arkansas,8,4,4,6,0.5,0.5,1.0,0.3333333333333333,0.5833333333333333
TX Tech,7,3,3,6,0.42857142857142855,0.42857142857142855,1.0,0.2857142857142857,0.5357142857142857
BYU,16,7,5,6,0.4375,0.3125,1.0,0.7142857142857142,0.6160714285714286
