School,Number of Regional Entries,Number of National Qualifiers,Number of Outperformers,Distinct Events,Percent Qualifying,Percent Outperforming,Percent Events Represented,Number of Regional Entries (Scaled),Overall Score
NC State,7,5,1,4,0.7142857142857143,0.14285714285714285,0.6666666666666666,0.2857142857142857,0.45238095238095233
Alabama,9,6,3,5,0.6666666666666666,0.3333333333333333,0.8333333333333334,0.38095238095238093,0.5535714285714285
IA State,10,5,5,5,0.5,0.5,0.8333333333333334,0.42857142857142855,0.5654761904761905
Wake Forest,6,3,4,4,0.5,0.6666666666666666,0.6666666666666666,0.23809523809523808,0.5178571428571428
Villanova,6,3,3,3,0.5,0.5,0.5,0.23809523809523808,0.43452380952380953
