School,Number of Regional Entries,Number of National Qualifiers,Number of Outperformers,Distinct Events,Percent Qualifying,Percent Outperforming,Percent Events Represented,Number of Regional Entries (Scaled),Overall Score
New Mexico,22,9,8,6,0.4090909090909091,0.36363636363636365,1.0,0.9999999999999998,0.6931818181818181
No. Arizona,20,7,13,6,0.35,0.65,1.0,0.9047619047619047,0.7261904761904762
Notre Dame,17,2,7,5,0.11764705882352941,0.4117647058823529,0.8333333333333334,0.7619047619047619,0.5311624649859944
BYU,16,7,5,6,0.4375,0.3125,1.0,0.7142857142857142,0.6160714285714286
Washington,13,3,9,6,0.23076923076923078,0.6923076923076923,1.0,0.5714285714285714,0.6236263736263736
