School,Number of Regional Entries,Number of National Qualifiers,Number of Outperformers,Distinct Events,Percent Qualifying,Percent Outperforming,Percent Events Represented,Number of Regional Entries (Scaled),Overall Score
TX A&M,6,3,6,4,0.5,1.0,0.6666666666666666,0.23809523809523808,0.6011904761904762
CBU,6,1,5,4,0.16666666666666666,0.8333333333333334,0.6666666666666666,0.23809523809523808,0.47619047619047616
GA Tech,5,0,4,4,0.0,0.8,0.6666666666666666,0.19047619047619047,0.41428571428571426
Syracuse,8,1,6,3,0.125,0.75,0.5,0.3333333333333333,0.4270833333333333
Tulane,7,2,5,5,0.2857142857142857,0.7142857142857143,0.8333333333333334,0.2857142857142857,0.5297619047619048
