School,Number of Regional Entries,Number of National Qualifiers,Number of Outperformers,Distinct Events,Percent Qualifying,Percent Outperforming,Percent Events Represented,Number of Regional Entries (Scaled),Overall Score
No. Arizona,20,7,13,6,0.35,0.65,1.0,0.9047619047619047,0.7261904761904762
New Mexico,22,9,8,6,0.4090909090909091,0.36363636363636365,1.0,0.9999999999999998,0.6931818181818181
Washington,13,3,9,6,0.23076923076923078,0.6923076923076923,1.0,0.5714285714285714,0.6236263736263736
BYU,16,7,5,6,0.4375,0.3125,1.0,0.7142857142857142,0.6160714285714286
TX A&M,6,3,6,4,0.5,1.0,0.6666666666666666,0.23809523809523808,0.6011904761904762
