School,Number of Regional Entries,Number of National Qualifiers,Number of Outperformers,Distinct Events,Percent Qualifying,Percent Outperforming,Percent Events Represented,Number of Regional Entries (Scaled),Overall Score
TX A&M,5,2,5,3,0.4,1.0,1.0,0.5,0.725
Washington,5,3,5,3,0.6,1.0,1.0,0.5,0.775
OK State,6,2,5,2,0.3333333333333333,0.8333333333333334,0.6666666666666666,0.625,0.6145833333333333
Virginia,5,2,4,2,0.4,0.8,0.6666666666666666,0.5,0.5916666666666667
No. Arizona,9,3,7,3,0.3333333333333333,0.7777777777777778,1.0,1.0,0.7777777777777778
